ID,Preis
536,49.99
338,49.99
211,49.99
298,49.99
124,49.99
57,49.99
761,49.99
478,49.99
220,49.99
446,49.99
121,49.99
248,49.99
128,49.99
593,49.99
187,49.99
748,49.99
695,49.99
433,49.99
31,49.99
171,49.99
453,49.99
408,49.99
275,49.99
424,49.99
778,49.99
27,49.99
506,49.99
167,49.99
793,49.99
300,49.99
710,49.99
423,49.99
23,49.99
599,49.99
240,49.99
472,49.99
235,49.99
134,49.99
205,49.99
198,49.99
604,49.99
355,49.99
227,49.99
625,49.99
85,49.99
792,49.99
341,49.99
21,49.99
719,49.99
775,49.99
416,49.99
717,49.99
247,49.99
143,49.99
794,49.99
479,49.99
653,49.99
434,49.99
407,49.99
584,49.99
369,49.99
501,49.99
257,49.99
671,49.99
374,49.99
317,49.99
82,49.99
401,49.99
498,49.99
41,49.99
302,49.99
535,49.99
697,49.99
361,49.99
46,49.99
333,49.99
336,49.99
784,49.99
102,49.99
129,49.99
597,49.99
577,49.99
587,49.99
614,49.99
315,49.99
112,49.99
426,49.99
803,49.99
395,49.99
689,49.99
390,49.99
540,49.99
473,49.99
405,49.99
589,49.99
450,49.99
392,49.99
233,49.99
270,49.99
786,49.99
690,49.99
507,49.99
115,49.99
470,49.99
381,49.99
346,49.99
157,49.99
623,49.99
97,49.99
729,49.99
100,49.99
493,49.99
141,49.99
529,49.99
142,49.99
26,49.99
660,49.99
94,49.99
363,49.99
367,49.99
675,49.99
699,49.99
284,49.99
280,49.99
56,49.99
272,49.99
183,49.99
566,49.99
199,49.99
422,49.99
769,49.99
254,49.99
156,49.99
4,49.99
573,49.99
251,49.99
340,49.99
176,49.99
234,49.99
571,49.99
277,49.99
742,49.99
283,49.99
469,49.99
661,49.99
72,49.99
194,49.99
144,49.99
51,49.99
353,49.99
680,49.99
13,49.99
643,49.99
620,49.99
475,49.99
521,49.99
633,49.99
425,49.99
190,49.99
330,49.99
740,49.99
592,49.99
583,49.99
578,49.99
570,49.99
35,49.99
430,49.99
525,49.99
765,49.99
495,49.99
133,49.99
486,49.99
772,49.99
442,49.99
103,49.99
429,49.99
372,49.99
602,49.99
681,49.99
530,49.99
716,49.99
231,49.99
688,49.99
44,49.99
581,49.99
179,49.99
75,49.99
250,49.99
378,49.99
588,49.99
744,49.99
428,49.99
476,49.99
487,49.99
354,49.99
285,49.99
502,49.99
715,49.99
193,49.99
188,49.99
365,49.99
232,49.99
702,49.99
319,49.99
771,49.99
616,49.99
237,49.99
64,49.99
6,49.99
90,49.99
431,49.99
325,49.99
256,49.99
271,49.99
663,49.99
736,49.99
357,49.99
534,49.99
304,49.99
224,49.99
384,49.99
641,49.99
293,49.99
766,49.99
755,49.99
202,49.99
657,49.99
328,49.99
290,49.99
89,49.99
612,49.99
208,49.99
638,49.99
718,49.99
320,49.99
541,49.99
550,49.99
664,49.99
209,49.99
14,49.99
596,49.99
377,49.99
139,49.99
258,49.99
1,49.99
605,49.99
109,49.99
621,49.99
560,49.99
24,49.99
503,49.99
670,49.99
414,49.99
34,49.99
522,49.99
169,49.99
70,49.99
137,49.99
613,49.99
677,49.99
773,49.99
461,49.99
698,49.99
359,49.99
712,49.99
564,49.99
449,49.99
118,49.99
170,49.99
181,49.99
500,49.99
403,49.99
360,49.99
668,49.99
694,49.99
622,49.99
268,49.99
86,49.99
7,49.99
705,49.99
402,49.99
305,49.99
242,49.99
76,49.99
732,49.99
29,49.99
214,49.99
738,49.99
312,49.99
524,49.99
582,49.99
127,49.99
210,49.99
555,49.99
28,49.99
494,49.99
499,49.99
451,49.99
163,49.99
737,49.99
380,49.99
5,49.99
652,49.99
366,49.99
464,49.99
172,49.99
321,49.99
751,49.99
399,49.99
693,49.99
161,49.99
394,49.99
222,49.99
147,49.99
132,49.99
617,49.99
299,49.99
552,49.99
269,49.99
632,49.99
221,49.99
651,49.99
